Product,Handle,Category,Key Feature,Matching Product Detail,Duplicate?,Recommended Action
Officeneed Unruled Wiro Book Flexible - City's,officeneed-unruled-wiro-book-flexible-geometric,Officeneed Exclusive,Size: A4,Size / Dimensions = A4,YES,REMOVE DUPLICATE SPECIFICATION (no additional benefit content found)
Officeneed Unruled Wiro Book Flexible - City's,officeneed-unruled-wiro-book-flexible-geometric,Officeneed Exclusive,Total Pages: 250 pages,Pages = 250,YES,REMOVE DUPLICATE SPECIFICATION (no additional benefit content found)
Officeneed Unruled Wiro Book Flexible - City's,officeneed-unruled-wiro-book-flexible-geometric,Officeneed Exclusive,Inner Pages: 100 GSM premium-quality paper,,NO,"KEEP AS-IS (genuine benefit / use-case info, not represented in Product Details)"
Officeneed Unruled Wiro Book Flexible - City's,officeneed-unruled-wiro-book-flexible-geometric,Officeneed Exclusive,Page Style: Unruled,Ruling = Unruled,YES,REMOVE DUPLICATE SPECIFICATION (no additional benefit content found)
Officeneed Unruled Wiro Book Flexible - City's,officeneed-unruled-wiro-book-flexible-geometric,Officeneed Exclusive,Cover: 270 GSM non-tearable PVC cover,"Binding / Cover = 270 GSM non-tearable PVC cover, Strong and durable Wiro binding",YES,REMOVE DUPLICATE SPECIFICATION (no additional benefit content found)
Officeneed Unruled Wiro Book Flexible - City's,officeneed-unruled-wiro-book-flexible-geometric,Officeneed Exclusive,Binding: Strong and durable Wiro binding,"Binding / Cover = 270 GSM non-tearable PVC cover, Strong and durable Wiro binding",YES,REMOVE DUPLICATE SPECIFICATION (no additional benefit content found)
Officeneed Unruled Wiro Book Flexible - City's,officeneed-unruled-wiro-book-flexible-geometric,Officeneed Exclusive,Opens flat for comfortable writing,,NO,"KEEP AS-IS (genuine benefit / use-case info, not represented in Product Details)"
Officeneed Unruled Wiro Book Flexible - City's,officeneed-unruled-wiro-book-flexible-geometric,Officeneed Exclusive,Easy page turning and handling,,NO,"KEEP AS-IS (genuine benefit / use-case info, not represented in Product Details)"
Officeneed Unruled Wiro Book Flexible - City's,officeneed-unruled-wiro-book-flexible-geometric,Officeneed Exclusive,"Ideal for offices, schools, colleges, meetings, training sessions, and creative work",,NO,"KEEP AS-IS (genuine benefit / use-case info, not represented in Product Details)"
Officeneed Unruled Wiro Book Flexible - City's,officeneed-unruled-wiro-book-flexible-geometric,Officeneed Exclusive,Durable construction for long-term use,,NO,"KEEP AS-IS (genuine benefit / use-case info, not represented in Product Details)"
"Officeneed  Unruled Notebook – A5, 40 Pages",officeneed-unruled-notebook-a5-40-pages,Officeneed Exclusive,"Unruled/Blank Pages – Freedom for sketching, doodling, and notes",Ruling = Unruled,PARTIAL,"REMOVE DUPLICATE SPECIFICATION / RETAIN BENEFIT CONTEXT -- suggested: ""Freedom for sketching, doodling, and notes"""
"Officeneed  Unruled Notebook – A5, 40 Pages",officeneed-unruled-notebook-a5-40-pages,Officeneed Exclusive,"Bangalore Skyline Cover Print – Distinctive, city-themed design",,NO,"KEEP AS-IS (genuine benefit / use-case info, not represented in Product Details)"
"Officeneed  Unruled Notebook – A5, 40 Pages",officeneed-unruled-notebook-a5-40-pages,Officeneed Exclusive,A5 Size (148mm x 210mm) – Compact and portable,,NO,"KEEP AS-IS (genuine benefit / use-case info, not represented in Product Details)"
"Officeneed  Unruled Notebook – A5, 40 Pages",officeneed-unruled-notebook-a5-40-pages,Officeneed Exclusive,100gsm Paper – Smooth surface suited for pen and pencil,Paper Weight = 100gsm,PARTIAL,"REMOVE DUPLICATE SPECIFICATION / RETAIN BENEFIT CONTEXT -- suggested: ""Smooth surface suited for pen and pencil"""
"Officeneed  Unruled Notebook – A5, 40 Pages",officeneed-unruled-notebook-a5-40-pages,Officeneed Exclusive,"40 Pages – Lightweight, easy-to-carry notebook",Pages = 40,PARTIAL,"REMOVE DUPLICATE SPECIFICATION / RETAIN BENEFIT CONTEXT -- suggested: ""Lightweight, easy-to-carry notebook"""
Officeneed Kraft Cover Wiro Notebook – Ruled,officeneed-kraft-cover-wiro-notebook-ruled,Officeneed Exclusive,"Kraft Cover – Natural, uncoated brown cover with a minimal look","Binding / Cover = Kraft/Brown, Uncoated, Wiro (Spiral) Binding",PARTIAL,"REMOVE DUPLICATE SPECIFICATION / RETAIN BENEFIT CONTEXT -- suggested: ""Natural, uncoated brown cover with a minimal look"""
Officeneed Kraft Cover Wiro Notebook – Ruled,officeneed-kraft-cover-wiro-notebook-ruled,Officeneed Exclusive,Wiro (Spiral) Binding – Allows pages to open flat for easy writing,"Binding / Cover = Kraft/Brown, Uncoated, Wiro (Spiral) Binding",PARTIAL,"REMOVE DUPLICATE SPECIFICATION / RETAIN BENEFIT CONTEXT -- suggested: ""Allows pages to open flat for easy writing"""
Officeneed Kraft Cover Wiro Notebook – Ruled,officeneed-kraft-cover-wiro-notebook-ruled,Officeneed Exclusive,"Ruled Pages with Date Field – Useful for daily notes, logs, and journaling",,NO,"KEEP AS-IS (genuine benefit / use-case info, not represented in Product Details)"
Officeneed Kraft Cover Wiro Notebook – Ruled,officeneed-kraft-cover-wiro-notebook-ruled,Officeneed Exclusive,"100gsm Paper – Smooth, durable writing surface",Paper Weight = 100gsm,PARTIAL,"REMOVE DUPLICATE SPECIFICATION / RETAIN BENEFIT CONTEXT -- suggested: ""Smooth, durable writing surface"""
"Officeneed Flexible Wiro Notebook – A5, Ruled, 100 Pages",officeneed-flexible-wiro-notebook-a5-ruled-100-pages,Officeneed Exclusive,"Flexible Cover – Soft, bendable cover resists creasing and damage",,NO,"KEEP AS-IS (genuine benefit / use-case info, not represented in Product Details)"
"Officeneed Flexible Wiro Notebook – A5, Ruled, 100 Pages",officeneed-flexible-wiro-notebook-a5-ruled-100-pages,Officeneed Exclusive,Wiro (Spiral) Binding – Allows pages to open flat for easy writing,"Binding / Cover = Flexible/Soft Cover, Spiral/Wire Bound",PARTIAL,"REMOVE DUPLICATE SPECIFICATION / RETAIN BENEFIT CONTEXT -- suggested: ""Allows pages to open flat for easy writing"""
"Officeneed Flexible Wiro Notebook – A5, Ruled, 100 Pages",officeneed-flexible-wiro-notebook-a5-ruled-100-pages,Officeneed Exclusive,Ruled Pages – Keeps handwriting neat and organized,Ruling = Ruled,PARTIAL,"REMOVE DUPLICATE SPECIFICATION / RETAIN BENEFIT CONTEXT -- suggested: ""Keeps handwriting neat and organized"""
"Officeneed Flexible Wiro Notebook – A5, Ruled, 100 Pages",officeneed-flexible-wiro-notebook-a5-ruled-100-pages,Officeneed Exclusive,"100gsm Paper – Smooth, durable writing surface",Pages = 100,PARTIAL,"REMOVE DUPLICATE SPECIFICATION / RETAIN BENEFIT CONTEXT -- suggested: ""Smooth, durable writing surface"""
"Officeneed Flexible Wiro Notebook – A5, Ruled, 100 Pages",officeneed-flexible-wiro-notebook-a5-ruled-100-pages,Officeneed Exclusive,A5 Size (148mm x 210mm) – Compact and easy to carry,,NO,"KEEP AS-IS (genuine benefit / use-case info, not represented in Product Details)"
"Officeneed Flexible Wiro Notebook – A5, Ruled, 100 Pages",officeneed-flexible-wiro-notebook-a5-ruled-100-pages,Officeneed Exclusive,100 Pages – Balanced size for regular use without bulk,Pages = 100,PARTIAL,"REMOVE DUPLICATE SPECIFICATION / RETAIN BENEFIT CONTEXT -- suggested: ""Balanced size for regular use without bulk"""
"Officeneed Scribbling Pad – A5, Ruled, 40 Sheets",officeneed-scribbling-pad-a5-ruled-40-sheets,Officeneed Exclusive,Ruled Pages – Keeps notes neat and aligned,Ruling = Ruled,PARTIAL,"REMOVE DUPLICATE SPECIFICATION / RETAIN BENEFIT CONTEXT -- suggested: ""Keeps notes neat and aligned"""
"Officeneed Scribbling Pad – A5, Ruled, 40 Sheets",officeneed-scribbling-pad-a5-ruled-40-sheets,Officeneed Exclusive,A5 Size (148mm x 210mm) – Compact and easy to carry,,NO,"KEEP AS-IS (genuine benefit / use-case info, not represented in Product Details)"
"Officeneed Scribbling Pad – A5, Ruled, 40 Sheets",officeneed-scribbling-pad-a5-ruled-40-sheets,Officeneed Exclusive,100gsm Paper – Sturdy writing surface,Paper Weight = 100gsm,PARTIAL,"REMOVE DUPLICATE SPECIFICATION / RETAIN BENEFIT CONTEXT -- suggested: ""Sturdy writing surface"""
"Officeneed Scribbling Pad – A5, Ruled, 40 Sheets",officeneed-scribbling-pad-a5-ruled-40-sheets,Officeneed Exclusive,40 Sheets – Enough for daily note-taking needs,Pages = 40,PARTIAL,"REMOVE DUPLICATE SPECIFICATION / RETAIN BENEFIT CONTEXT -- suggested: ""Enough for daily note-taking needs"""
"Officeneed Wiro Notebook – Ruled, 250 Pages, A4",officeneed-wiro-notebook-ruled-250-pages-a4,Officeneed Exclusive,Wiro (Spiral) Binding – Allows pages to lie flat and fold back for easy writing,Binding / Cover = Spiral/Wire Bound,PARTIAL,"REMOVE DUPLICATE SPECIFICATION / RETAIN BENEFIT CONTEXT -- suggested: ""Allows pages to lie flat and fold back for easy writing"""
"Officeneed Wiro Notebook – Ruled, 250 Pages, A4",officeneed-wiro-notebook-ruled-250-pages-a4,Officeneed Exclusive,250 Ruled Pages – Ample space for long-term note-taking,Pages = 250,PARTIAL,"REMOVE DUPLICATE SPECIFICATION / RETAIN BENEFIT CONTEXT -- suggested: ""Ample space for long-term note-taking"""
"Officeneed Wiro Notebook – Ruled, 250 Pages, A4",officeneed-wiro-notebook-ruled-250-pages-a4,Officeneed Exclusive,"100gsm Paper – Smooth, durable writing surface",Paper Weight = 100gsm,PARTIAL,"REMOVE DUPLICATE SPECIFICATION / RETAIN BENEFIT CONTEXT -- suggested: ""Smooth, durable writing surface"""
"Officeneed Wiro Notebook – Ruled, 250 Pages, A4",officeneed-wiro-notebook-ruled-250-pages-a4,Officeneed Exclusive,A4 Size (210mm x 297mm) – Standard size for office and study use,,NO,"KEEP AS-IS (genuine benefit / use-case info, not represented in Product Details)"
"Officeneed Wiro Notebook – Ruled, 250 Pages, A4",officeneed-wiro-notebook-ruled-250-pages-a4,Officeneed Exclusive,Printed Quote Cover – Adds a motivational touch to the notebook,,NO,"KEEP AS-IS (genuine benefit / use-case info, not represented in Product Details)"
"Practical Sheets for College – One Side Ruled, 50 Sheets",practical-sheets-for-college-one-side-ruled-50-sheets,Officeneed Exclusive,One Side Ruled – Clean layout for writing practical observations,Ruling = One Side Ruled,PARTIAL,"REMOVE DUPLICATE SPECIFICATION / RETAIN BENEFIT CONTEXT -- suggested: ""Clean layout for writing practical observations"""
"Practical Sheets for College – One Side Ruled, 50 Sheets",practical-sheets-for-college-one-side-ruled-50-sheets,Officeneed Exclusive,Pre-Punched – Fits standard practical files directly,,NO,"KEEP AS-IS (genuine benefit / use-case info, not represented in Product Details)"
"Practical Sheets for College – One Side Ruled, 50 Sheets",practical-sheets-for-college-one-side-ruled-50-sheets,Officeneed Exclusive,"100gsm Paper – Sturdy, durable writing surface",Paper Weight = 100gsm,PARTIAL,"REMOVE DUPLICATE SPECIFICATION / RETAIN BENEFIT CONTEXT -- suggested: ""Sturdy, durable writing surface"""
"Practical Sheets for College – One Side Ruled, 50 Sheets",practical-sheets-for-college-one-side-ruled-50-sheets,Officeneed Exclusive,"Info Page Included – Space for name, subject, college, year",,NO,"KEEP AS-IS (genuine benefit / use-case info, not represented in Product Details)"
"Practical Sheets for College – One Side Ruled, 50 Sheets",practical-sheets-for-college-one-side-ruled-50-sheets,Officeneed Exclusive,50 Sheets per Pack – Enough for a full term,Pages = 50,PARTIAL,"REMOVE DUPLICATE SPECIFICATION / RETAIN BENEFIT CONTEXT -- suggested: ""Enough for a full term"""
"Practical Sheets for College – One Side Ruled, 50 Sheets",practical-sheets-for-college-one-side-ruled-50-sheets,Officeneed Exclusive,Letter Size (22.8cm x 28.8cm) – Standard file-compatible size,,NO,"KEEP AS-IS (genuine benefit / use-case info, not represented in Product Details)"
Officeneed Unruled Wiro Book Flexible - Geometric,officeneed-unruled-wiro-book,Officeneed Exclusive,Size: A4,Size / Dimensions = A4,YES,REMOVE DUPLICATE SPECIFICATION (no additional benefit content found)
Officeneed Unruled Wiro Book Flexible - Geometric,officeneed-unruled-wiro-book,Officeneed Exclusive,Total Pages: 250 pages,Pages = 250,YES,REMOVE DUPLICATE SPECIFICATION (no additional benefit content found)
Officeneed Unruled Wiro Book Flexible - Geometric,officeneed-unruled-wiro-book,Officeneed Exclusive,Inner Pages: 100 GSM premium-quality paper,,NO,"KEEP AS-IS (genuine benefit / use-case info, not represented in Product Details)"
Officeneed Unruled Wiro Book Flexible - Geometric,officeneed-unruled-wiro-book,Officeneed Exclusive,Page Style: Unruled,Ruling = Unruled,YES,REMOVE DUPLICATE SPECIFICATION (no additional benefit content found)
Officeneed Unruled Wiro Book Flexible - Geometric,officeneed-unruled-wiro-book,Officeneed Exclusive,Cover: 270 GSM non-tearable PVC cover,"Binding / Cover = 270 GSM non-tearable PVC cover, Strong and durable Wiro binding",YES,REMOVE DUPLICATE SPECIFICATION (no additional benefit content found)
Officeneed Unruled Wiro Book Flexible - Geometric,officeneed-unruled-wiro-book,Officeneed Exclusive,Binding: Strong and durable Wiro binding,"Binding / Cover = 270 GSM non-tearable PVC cover, Strong and durable Wiro binding",YES,REMOVE DUPLICATE SPECIFICATION (no additional benefit content found)
Officeneed Unruled Wiro Book Flexible - Geometric,officeneed-unruled-wiro-book,Officeneed Exclusive,Opens flat for comfortable writing,,NO,"KEEP AS-IS (genuine benefit / use-case info, not represented in Product Details)"
Officeneed Unruled Wiro Book Flexible - Geometric,officeneed-unruled-wiro-book,Officeneed Exclusive,Easy page turning and handling,,NO,"KEEP AS-IS (genuine benefit / use-case info, not represented in Product Details)"
Officeneed Unruled Wiro Book Flexible - Geometric,officeneed-unruled-wiro-book,Officeneed Exclusive,"Ideal for offices, schools, colleges, meetings, training sessions, and creative work",,NO,"KEEP AS-IS (genuine benefit / use-case info, not represented in Product Details)"
Officeneed Unruled Wiro Book Flexible - Geometric,officeneed-unruled-wiro-book,Officeneed Exclusive,Durable construction for long-term use,,NO,"KEEP AS-IS (genuine benefit / use-case info, not represented in Product Details)"